user_id,event_name,event_date
1,visit,2026-08-01
2,visit,2026-08-01
3,visit,2026-08-01
4,visit,2026-08-01
5,visit,2026-08-01
6,visit,2026-08-01
7,visit,2026-08-01
8,visit,2026-08-01
9,visit,2026-08-01
10,visit,2026-08-01
11,visit,2026-08-01
12,visit,2026-08-01
13,visit,2026-08-01
14,visit,2026-08-01
15,visit,2026-08-01
16,visit,2026-08-01
17,visit,2026-08-01
18,visit,2026-08-01
19,visit,2026-08-01
20,visit,2026-08-01
21,visit,2026-08-01
22,visit,2026-08-01
23,visit,2026-08-01
24,visit,2026-08-01
25,visit,2026-08-01
26,visit,2026-08-01
27,visit,2026-08-01
28,visit,2026-08-01
29,visit,2026-08-01
30,visit,2026-08-01
31,visit,2026-08-01
32,visit,2026-08-01
33,visit,2026-08-01
34,visit,2026-08-01
35,visit,2026-08-01
36,visit,2026-08-01
37,visit,2026-08-01
38,visit,2026-08-01
39,visit,2026-08-01
40,visit,2026-08-01
41,visit,2026-08-01
42,visit,2026-08-01
43,visit,2026-08-01
44,visit,2026-08-01
45,visit,2026-08-01
46,visit,2026-08-01
47,visit,2026-08-01
48,visit,2026-08-01
49,visit,2026-08-01
50,visit,2026-08-01
51,visit,2026-08-01
52,visit,2026-08-01
53,visit,2026-08-01
54,visit,2026-08-01
55,visit,2026-08-01
56,visit,2026-08-01
57,visit,2026-08-01
58,visit,2026-08-01
59,visit,2026-08-01
60,visit,2026-08-01
61,visit,2026-08-01
62,visit,2026-08-01
63,visit,2026-08-01
64,visit,2026-08-01
65,visit,2026-08-01
66,visit,2026-08-01
67,visit,2026-08-01
68,visit,2026-08-01
69,visit,2026-08-01
70,visit,2026-08-01
71,visit,2026-08-01
72,visit,2026-08-01
73,visit,2026-08-01
74,visit,2026-08-01
75,visit,2026-08-01
76,visit,2026-08-01
77,visit,2026-08-01
78,visit,2026-08-01
79,visit,2026-08-01
80,visit,2026-08-01
81,visit,2026-08-01
82,visit,2026-08-01
83,visit,2026-08-01
84,visit,2026-08-01
85,visit,2026-08-01
86,visit,2026-08-01
87,visit,2026-08-01
88,visit,2026-08-01
89,visit,2026-08-01
90,visit,2026-08-01
91,visit,2026-08-01
92,visit,2026-08-01
93,visit,2026-08-01
94,visit,2026-08-01
95,visit,2026-08-01
96,visit,2026-08-01
97,visit,2026-08-01
98,visit,2026-08-01
99,visit,2026-08-01
100,visit,2026-08-01
101,visit,2026-08-01
102,visit,2026-08-01
103,visit,2026-08-01
104,visit,2026-08-01
105,visit,2026-08-01
106,visit,2026-08-01
107,visit,2026-08-01
108,visit,2026-08-01
109,visit,2026-08-01
110,visit,2026-08-01
111,visit,2026-08-01
112,visit,2026-08-01
113,visit,2026-08-01
114,visit,2026-08-01
115,visit,2026-08-01
116,visit,2026-08-01
117,visit,2026-08-01
118,visit,2026-08-01
119,visit,2026-08-01
120,visit,2026-08-01
121,visit,2026-08-01
122,visit,2026-08-01
123,visit,2026-08-01
124,visit,2026-08-01
125,visit,2026-08-01
126,visit,2026-08-01
127,visit,2026-08-01
128,visit,2026-08-01
129,visit,2026-08-01
130,visit,2026-08-01
131,visit,2026-08-01
132,visit,2026-08-01
133,visit,2026-08-01
134,visit,2026-08-01
135,visit,2026-08-01
136,visit,2026-08-01
137,visit,2026-08-01
138,visit,2026-08-01
139,visit,2026-08-01
140,visit,2026-08-01
141,visit,2026-08-01
142,visit,2026-08-01
143,visit,2026-08-01
144,visit,2026-08-01
145,visit,2026-08-01
146,visit,2026-08-01
147,visit,2026-08-01
148,visit,2026-08-01
149,visit,2026-08-01
150,visit,2026-08-01
151,visit,2026-08-01
152,visit,2026-08-01
153,visit,2026-08-01
154,visit,2026-08-01
155,visit,2026-08-01
156,visit,2026-08-01
157,visit,2026-08-01
158,visit,2026-08-01
159,visit,2026-08-01
160,visit,2026-08-01
161,visit,2026-08-01
162,visit,2026-08-01
163,visit,2026-08-01
164,visit,2026-08-01
165,visit,2026-08-01
166,visit,2026-08-01
167,visit,2026-08-01
168,visit,2026-08-01
169,visit,2026-08-01
170,visit,2026-08-01
171,visit,2026-08-01
172,visit,2026-08-01
173,visit,2026-08-01
174,visit,2026-08-01
175,visit,2026-08-01
176,visit,2026-08-01
177,visit,2026-08-01
178,visit,2026-08-01
179,visit,2026-08-01
180,visit,2026-08-01
181,visit,2026-08-01
182,visit,2026-08-01
183,visit,2026-08-01
184,visit,2026-08-01
185,visit,2026-08-01
186,visit,2026-08-01
187,visit,2026-08-01
188,visit,2026-08-01
189,visit,2026-08-01
190,visit,2026-08-01
191,visit,2026-08-01
192,visit,2026-08-01
193,visit,2026-08-01
194,visit,2026-08-01
195,visit,2026-08-01
196,visit,2026-08-01
197,visit,2026-08-01
198,visit,2026-08-01
199,visit,2026-08-01
200,visit,2026-08-01
201,visit,2026-08-01
202,visit,2026-08-01
203,visit,2026-08-01
204,visit,2026-08-01
205,visit,2026-08-01
206,visit,2026-08-01
207,visit,2026-08-01
208,visit,2026-08-01
209,visit,2026-08-01
210,visit,2026-08-01
211,visit,2026-08-01
212,visit,2026-08-01
213,visit,2026-08-01
214,visit,2026-08-01
215,visit,2026-08-01
216,visit,2026-08-01
217,visit,2026-08-01
218,visit,2026-08-01
219,visit,2026-08-01
220,visit,2026-08-01
221,visit,2026-08-01
222,visit,2026-08-01
223,visit,2026-08-01
224,visit,2026-08-01
225,visit,2026-08-01
226,visit,2026-08-01
227,visit,2026-08-01
228,visit,2026-08-01
229,visit,2026-08-01
230,visit,2026-08-01
231,visit,2026-08-01
232,visit,2026-08-01
233,visit,2026-08-01
234,visit,2026-08-01
235,visit,2026-08-01
236,visit,2026-08-01
237,visit,2026-08-01
238,visit,2026-08-01
239,visit,2026-08-01
240,visit,2026-08-01
241,visit,2026-08-01
242,visit,2026-08-01
243,visit,2026-08-01
244,visit,2026-08-01
245,visit,2026-08-01
246,visit,2026-08-01
247,visit,2026-08-01
248,visit,2026-08-01
249,visit,2026-08-01
250,visit,2026-08-01
251,visit,2026-08-01
252,visit,2026-08-01
253,visit,2026-08-01
254,visit,2026-08-01
255,visit,2026-08-01
256,visit,2026-08-01
257,visit,2026-08-01
258,visit,2026-08-01
259,visit,2026-08-01
260,visit,2026-08-01
261,visit,2026-08-01
262,visit,2026-08-01
263,visit,2026-08-01
264,visit,2026-08-01
265,visit,2026-08-01
266,visit,2026-08-01
267,visit,2026-08-01
268,visit,2026-08-01
269,visit,2026-08-01
270,visit,2026-08-01
271,visit,2026-08-01
272,visit,2026-08-01
273,visit,2026-08-01
274,visit,2026-08-01
275,visit,2026-08-01
276,visit,2026-08-01
277,visit,2026-08-01
278,visit,2026-08-01
279,visit,2026-08-01
280,visit,2026-08-01
281,visit,2026-08-01
282,visit,2026-08-01
283,visit,2026-08-01
284,visit,2026-08-01
285,visit,2026-08-01
286,visit,2026-08-01
287,visit,2026-08-01
288,visit,2026-08-01
289,visit,2026-08-01
290,visit,2026-08-01
291,visit,2026-08-01
292,visit,2026-08-01
293,visit,2026-08-01
294,visit,2026-08-01
295,visit,2026-08-01
296,visit,2026-08-01
297,visit,2026-08-01
298,visit,2026-08-01
299,visit,2026-08-01
300,visit,2026-08-01
301,visit,2026-08-01
302,visit,2026-08-01
303,visit,2026-08-01
304,visit,2026-08-01
305,visit,2026-08-01
306,visit,2026-08-01
307,visit,2026-08-01
308,visit,2026-08-01
309,visit,2026-08-01
310,visit,2026-08-01
311,visit,2026-08-01
312,visit,2026-08-01
313,visit,2026-08-01
314,visit,2026-08-01
315,visit,2026-08-01
316,visit,2026-08-01
317,visit,2026-08-01
318,visit,2026-08-01
319,visit,2026-08-01
320,visit,2026-08-01
321,visit,2026-08-01
322,visit,2026-08-01
323,visit,2026-08-01
324,visit,2026-08-01
325,visit,2026-08-01
326,visit,2026-08-01
327,visit,2026-08-01
328,visit,2026-08-01
329,visit,2026-08-01
330,visit,2026-08-01
331,visit,2026-08-01
332,visit,2026-08-01
333,visit,2026-08-01
334,visit,2026-08-01
335,visit,2026-08-01
336,visit,2026-08-01
337,visit,2026-08-01
338,visit,2026-08-01
339,visit,2026-08-01
340,visit,2026-08-01
341,visit,2026-08-01
342,visit,2026-08-01
343,visit,2026-08-01
344,visit,2026-08-01
345,visit,2026-08-01
346,visit,2026-08-01
347,visit,2026-08-01
348,visit,2026-08-01
349,visit,2026-08-01
350,visit,2026-08-01
351,visit,2026-08-01
352,visit,2026-08-01
353,visit,2026-08-01
354,visit,2026-08-01
355,visit,2026-08-01
356,visit,2026-08-01
357,visit,2026-08-01
358,visit,2026-08-01
359,visit,2026-08-01
360,visit,2026-08-01
361,visit,2026-08-01
362,visit,2026-08-01
363,visit,2026-08-01
364,visit,2026-08-01
365,visit,2026-08-01
366,visit,2026-08-01
367,visit,2026-08-01
368,visit,2026-08-01
369,visit,2026-08-01
370,visit,2026-08-01
371,visit,2026-08-01
372,visit,2026-08-01
373,visit,2026-08-01
374,visit,2026-08-01
375,visit,2026-08-01
376,visit,2026-08-01
377,visit,2026-08-01
378,visit,2026-08-01
379,visit,2026-08-01
380,visit,2026-08-01
381,visit,2026-08-01
382,visit,2026-08-01
383,visit,2026-08-01
384,visit,2026-08-01
385,visit,2026-08-01
386,visit,2026-08-01
387,visit,2026-08-01
388,visit,2026-08-01
389,visit,2026-08-01
390,visit,2026-08-01
391,visit,2026-08-01
392,visit,2026-08-01
393,visit,2026-08-01
394,visit,2026-08-01
395,visit,2026-08-01
396,visit,2026-08-01
397,visit,2026-08-01
398,visit,2026-08-01
399,visit,2026-08-01
400,visit,2026-08-01
401,visit,2026-08-01
402,visit,2026-08-01
403,visit,2026-08-01
404,visit,2026-08-01
405,visit,2026-08-01
406,visit,2026-08-01
407,visit,2026-08-01
408,visit,2026-08-01
409,visit,2026-08-01
410,visit,2026-08-01
411,visit,2026-08-01
412,visit,2026-08-01
413,visit,2026-08-01
414,visit,2026-08-01
415,visit,2026-08-01
416,visit,2026-08-01
417,visit,2026-08-01
418,visit,2026-08-01
419,visit,2026-08-01
420,visit,2026-08-01
421,visit,2026-08-01
422,visit,2026-08-01
423,visit,2026-08-01
424,visit,2026-08-01
425,visit,2026-08-01
426,visit,2026-08-01
427,visit,2026-08-01
428,visit,2026-08-01
429,visit,2026-08-01
430,visit,2026-08-01
431,visit,2026-08-01
432,visit,2026-08-01
433,visit,2026-08-01
434,visit,2026-08-01
435,visit,2026-08-01
436,visit,2026-08-01
437,visit,2026-08-01
438,visit,2026-08-01
439,visit,2026-08-01
440,visit,2026-08-01
441,visit,2026-08-01
442,visit,2026-08-01
443,visit,2026-08-01
444,visit,2026-08-01
445,visit,2026-08-01
446,visit,2026-08-01
447,visit,2026-08-01
448,visit,2026-08-01
449,visit,2026-08-01
450,visit,2026-08-01
451,visit,2026-08-01
452,visit,2026-08-01
453,visit,2026-08-01
454,visit,2026-08-01
455,visit,2026-08-01
456,visit,2026-08-01
457,visit,2026-08-01
458,visit,2026-08-01
459,visit,2026-08-01
460,visit,2026-08-01
461,visit,2026-08-01
462,visit,2026-08-01
463,visit,2026-08-01
464,visit,2026-08-01
465,visit,2026-08-01
466,visit,2026-08-01
467,visit,2026-08-01
468,visit,2026-08-01
469,visit,2026-08-01
470,visit,2026-08-01
471,visit,2026-08-01
472,visit,2026-08-01
473,visit,2026-08-01
474,visit,2026-08-01
475,visit,2026-08-01
476,visit,2026-08-01
477,visit,2026-08-01
478,visit,2026-08-01
479,visit,2026-08-01
480,visit,2026-08-01
481,visit,2026-08-01
482,visit,2026-08-01
483,visit,2026-08-01
484,visit,2026-08-01
485,visit,2026-08-01
486,visit,2026-08-01
487,visit,2026-08-01
488,visit,2026-08-01
489,visit,2026-08-01
490,visit,2026-08-01
491,visit,2026-08-01
492,visit,2026-08-01
493,visit,2026-08-01
494,visit,2026-08-01
495,visit,2026-08-01
496,visit,2026-08-01
497,visit,2026-08-01
498,visit,2026-08-01
499,visit,2026-08-01
500,visit,2026-08-01
501,visit,2026-08-01
502,visit,2026-08-01
503,visit,2026-08-01
504,visit,2026-08-01
505,visit,2026-08-01
506,visit,2026-08-01
507,visit,2026-08-01
508,visit,2026-08-01
509,visit,2026-08-01
510,visit,2026-08-01
511,visit,2026-08-01
512,visit,2026-08-01
513,visit,2026-08-01
514,visit,2026-08-01
515,visit,2026-08-01
516,visit,2026-08-01
517,visit,2026-08-01
518,visit,2026-08-01
519,visit,2026-08-01
520,visit,2026-08-01
521,visit,2026-08-01
522,visit,2026-08-01
523,visit,2026-08-01
524,visit,2026-08-01
525,visit,2026-08-01
526,visit,2026-08-01
527,visit,2026-08-01
528,visit,2026-08-01
529,visit,2026-08-01
530,visit,2026-08-01
531,visit,2026-08-01
532,visit,2026-08-01
533,visit,2026-08-01
534,visit,2026-08-01
535,visit,2026-08-01
536,visit,2026-08-01
537,visit,2026-08-01
538,visit,2026-08-01
539,visit,2026-08-01
540,visit,2026-08-01
541,visit,2026-08-01
542,visit,2026-08-01
543,visit,2026-08-01
544,visit,2026-08-01
545,visit,2026-08-01
546,visit,2026-08-01
547,visit,2026-08-01
548,visit,2026-08-01
549,visit,2026-08-01
550,visit,2026-08-01
551,visit,2026-08-01
552,visit,2026-08-01
553,visit,2026-08-01
554,visit,2026-08-01
555,visit,2026-08-01
556,visit,2026-08-01
557,visit,2026-08-01
558,visit,2026-08-01
559,visit,2026-08-01
560,visit,2026-08-01
561,visit,2026-08-01
562,visit,2026-08-01
563,visit,2026-08-01
564,visit,2026-08-01
565,visit,2026-08-01
566,visit,2026-08-01
567,visit,2026-08-01
568,visit,2026-08-01
569,visit,2026-08-01
570,visit,2026-08-01
571,visit,2026-08-01
572,visit,2026-08-01
573,visit,2026-08-01
574,visit,2026-08-01
575,visit,2026-08-01
576,visit,2026-08-01
577,visit,2026-08-01
578,visit,2026-08-01
579,visit,2026-08-01
580,visit,2026-08-01
581,visit,2026-08-01
582,visit,2026-08-01
583,visit,2026-08-01
584,visit,2026-08-01
585,visit,2026-08-01
586,visit,2026-08-01
587,visit,2026-08-01
588,visit,2026-08-01
589,visit,2026-08-01
590,visit,2026-08-01
591,visit,2026-08-01
592,visit,2026-08-01
593,visit,2026-08-01
594,visit,2026-08-01
595,visit,2026-08-01
596,visit,2026-08-01
597,visit,2026-08-01
598,visit,2026-08-01
599,visit,2026-08-01
600,visit,2026-08-01
601,visit,2026-08-01
602,visit,2026-08-01
603,visit,2026-08-01
604,visit,2026-08-01
605,visit,2026-08-01
606,visit,2026-08-01
607,visit,2026-08-01
608,visit,2026-08-01
609,visit,2026-08-01
610,visit,2026-08-01
611,visit,2026-08-01
612,visit,2026-08-01
613,visit,2026-08-01
614,visit,2026-08-01
615,visit,2026-08-01
616,visit,2026-08-01
617,visit,2026-08-01
618,visit,2026-08-01
619,visit,2026-08-01
620,visit,2026-08-01
621,visit,2026-08-01
622,visit,2026-08-01
623,visit,2026-08-01
624,visit,2026-08-01
625,visit,2026-08-01
626,visit,2026-08-01
627,visit,2026-08-01
628,visit,2026-08-01
629,visit,2026-08-01
630,visit,2026-08-01
631,visit,2026-08-01
632,visit,2026-08-01
633,visit,2026-08-01
634,visit,2026-08-01
635,visit,2026-08-01
636,visit,2026-08-01
637,visit,2026-08-01
638,visit,2026-08-01
639,visit,2026-08-01
640,visit,2026-08-01
641,visit,2026-08-01
642,visit,2026-08-01
643,visit,2026-08-01
644,visit,2026-08-01
645,visit,2026-08-01
646,visit,2026-08-01
647,visit,2026-08-01
648,visit,2026-08-01
649,visit,2026-08-01
650,visit,2026-08-01
651,visit,2026-08-01
652,visit,2026-08-01
653,visit,2026-08-01
654,visit,2026-08-01
655,visit,2026-08-01
656,visit,2026-08-01
657,visit,2026-08-01
658,visit,2026-08-01
659,visit,2026-08-01
660,visit,2026-08-01
661,visit,2026-08-01
662,visit,2026-08-01
663,visit,2026-08-01
664,visit,2026-08-01
665,visit,2026-08-01
666,visit,2026-08-01
667,visit,2026-08-01
668,visit,2026-08-01
669,visit,2026-08-01
670,visit,2026-08-01
671,visit,2026-08-01
672,visit,2026-08-01
673,visit,2026-08-01
674,visit,2026-08-01
675,visit,2026-08-01
676,visit,2026-08-01
677,visit,2026-08-01
678,visit,2026-08-01
679,visit,2026-08-01
680,visit,2026-08-01
681,visit,2026-08-01
682,visit,2026-08-01
683,visit,2026-08-01
684,visit,2026-08-01
685,visit,2026-08-01
686,visit,2026-08-01
687,visit,2026-08-01
688,visit,2026-08-01
689,visit,2026-08-01
690,visit,2026-08-01
691,visit,2026-08-01
692,visit,2026-08-01
693,visit,2026-08-01
694,visit,2026-08-01
695,visit,2026-08-01
696,visit,2026-08-01
697,visit,2026-08-01
698,visit,2026-08-01
699,visit,2026-08-01
700,visit,2026-08-01
701,visit,2026-08-01
702,visit,2026-08-01
703,visit,2026-08-01
704,visit,2026-08-01
705,visit,2026-08-01
706,visit,2026-08-01
707,visit,2026-08-01
708,visit,2026-08-01
709,visit,2026-08-01
710,visit,2026-08-01
711,visit,2026-08-01
712,visit,2026-08-01
713,visit,2026-08-01
714,visit,2026-08-01
715,visit,2026-08-01
716,visit,2026-08-01
717,visit,2026-08-01
718,visit,2026-08-01
719,visit,2026-08-01
720,visit,2026-08-01
721,visit,2026-08-01
722,visit,2026-08-01
723,visit,2026-08-01
724,visit,2026-08-01
725,visit,2026-08-01
726,visit,2026-08-01
727,visit,2026-08-01
728,visit,2026-08-01
729,visit,2026-08-01
730,visit,2026-08-01
731,visit,2026-08-01
732,visit,2026-08-01
733,visit,2026-08-01
734,visit,2026-08-01
735,visit,2026-08-01
736,visit,2026-08-01
737,visit,2026-08-01
738,visit,2026-08-01
739,visit,2026-08-01
740,visit,2026-08-01
741,visit,2026-08-01
742,visit,2026-08-01
743,visit,2026-08-01
744,visit,2026-08-01
745,visit,2026-08-01
746,visit,2026-08-01
747,visit,2026-08-01
748,visit,2026-08-01
749,visit,2026-08-01
750,visit,2026-08-01
751,visit,2026-08-01
752,visit,2026-08-01
753,visit,2026-08-01
754,visit,2026-08-01
755,visit,2026-08-01
756,visit,2026-08-01
757,visit,2026-08-01
758,visit,2026-08-01
759,visit,2026-08-01
760,visit,2026-08-01
761,visit,2026-08-01
762,visit,2026-08-01
763,visit,2026-08-01
764,visit,2026-08-01
765,visit,2026-08-01
766,visit,2026-08-01
767,visit,2026-08-01
768,visit,2026-08-01
769,visit,2026-08-01
770,visit,2026-08-01
771,visit,2026-08-01
772,visit,2026-08-01
773,visit,2026-08-01
774,visit,2026-08-01
775,visit,2026-08-01
776,visit,2026-08-01
777,visit,2026-08-01
778,visit,2026-08-01
779,visit,2026-08-01
780,visit,2026-08-01
781,visit,2026-08-01
782,visit,2026-08-01
783,visit,2026-08-01
784,visit,2026-08-01
785,visit,2026-08-01
786,visit,2026-08-01
787,visit,2026-08-01
788,visit,2026-08-01
789,visit,2026-08-01
790,visit,2026-08-01
791,visit,2026-08-01
792,visit,2026-08-01
793,visit,2026-08-01
794,visit,2026-08-01
795,visit,2026-08-01
796,visit,2026-08-01
797,visit,2026-08-01
798,visit,2026-08-01
799,visit,2026-08-01
800,visit,2026-08-01
801,visit,2026-08-01
802,visit,2026-08-01
803,visit,2026-08-01
804,visit,2026-08-01
805,visit,2026-08-01
806,visit,2026-08-01
807,visit,2026-08-01
808,visit,2026-08-01
809,visit,2026-08-01
810,visit,2026-08-01
811,visit,2026-08-01
812,visit,2026-08-01
813,visit,2026-08-01
814,visit,2026-08-01
815,visit,2026-08-01
816,visit,2026-08-01
817,visit,2026-08-01
818,visit,2026-08-01
819,visit,2026-08-01
820,visit,2026-08-01
821,visit,2026-08-01
822,visit,2026-08-01
823,visit,2026-08-01
824,visit,2026-08-01
825,visit,2026-08-01
826,visit,2026-08-01
827,visit,2026-08-01
828,visit,2026-08-01
829,visit,2026-08-01
830,visit,2026-08-01
831,visit,2026-08-01
832,visit,2026-08-01
833,visit,2026-08-01
834,visit,2026-08-01
835,visit,2026-08-01
836,visit,2026-08-01
837,visit,2026-08-01
838,visit,2026-08-01
839,visit,2026-08-01
840,visit,2026-08-01
841,visit,2026-08-01
842,visit,2026-08-01
843,visit,2026-08-01
844,visit,2026-08-01
845,visit,2026-08-01
846,visit,2026-08-01
847,visit,2026-08-01
848,visit,2026-08-01
849,visit,2026-08-01
850,visit,2026-08-01
851,visit,2026-08-01
852,visit,2026-08-01
853,visit,2026-08-01
854,visit,2026-08-01
855,visit,2026-08-01
856,visit,2026-08-01
857,visit,2026-08-01
858,visit,2026-08-01
859,visit,2026-08-01
860,visit,2026-08-01
861,visit,2026-08-01
862,visit,2026-08-01
863,visit,2026-08-01
864,visit,2026-08-01
865,visit,2026-08-01
866,visit,2026-08-01
867,visit,2026-08-01
868,visit,2026-08-01
869,visit,2026-08-01
870,visit,2026-08-01
871,visit,2026-08-01
872,visit,2026-08-01
873,visit,2026-08-01
874,visit,2026-08-01
875,visit,2026-08-01
876,visit,2026-08-01
877,visit,2026-08-01
878,visit,2026-08-01
879,visit,2026-08-01
880,visit,2026-08-01
881,visit,2026-08-01
882,visit,2026-08-01
883,visit,2026-08-01
884,visit,2026-08-01
885,visit,2026-08-01
886,visit,2026-08-01
887,visit,2026-08-01
888,visit,2026-08-01
889,visit,2026-08-01
890,visit,2026-08-01
891,visit,2026-08-01
892,visit,2026-08-01
893,visit,2026-08-01
894,visit,2026-08-01
895,visit,2026-08-01
896,visit,2026-08-01
897,visit,2026-08-01
898,visit,2026-08-01
899,visit,2026-08-01
900,visit,2026-08-01
901,visit,2026-08-01
902,visit,2026-08-01
903,visit,2026-08-01
904,visit,2026-08-01
905,visit,2026-08-01
906,visit,2026-08-01
907,visit,2026-08-01
908,visit,2026-08-01
909,visit,2026-08-01
910,visit,2026-08-01
911,visit,2026-08-01
912,visit,2026-08-01
913,visit,2026-08-01
914,visit,2026-08-01
915,visit,2026-08-01
916,visit,2026-08-01
917,visit,2026-08-01
918,visit,2026-08-01
919,visit,2026-08-01
920,visit,2026-08-01
921,visit,2026-08-01
922,visit,2026-08-01
923,visit,2026-08-01
924,visit,2026-08-01
925,visit,2026-08-01
926,visit,2026-08-01
927,visit,2026-08-01
928,visit,2026-08-01
929,visit,2026-08-01
930,visit,2026-08-01
931,visit,2026-08-01
932,visit,2026-08-01
933,visit,2026-08-01
934,visit,2026-08-01
935,visit,2026-08-01
936,visit,2026-08-01
937,visit,2026-08-01
938,visit,2026-08-01
939,visit,2026-08-01
940,visit,2026-08-01
941,visit,2026-08-01
942,visit,2026-08-01
943,visit,2026-08-01
944,visit,2026-08-01
945,visit,2026-08-01
946,visit,2026-08-01
947,visit,2026-08-01
948,visit,2026-08-01
949,visit,2026-08-01
950,visit,2026-08-01
951,visit,2026-08-01
952,visit,2026-08-01
953,visit,2026-08-01
954,visit,2026-08-01
955,visit,2026-08-01
956,visit,2026-08-01
957,visit,2026-08-01
958,visit,2026-08-01
959,visit,2026-08-01
960,visit,2026-08-01
961,visit,2026-08-01
962,visit,2026-08-01
963,visit,2026-08-01
964,visit,2026-08-01
965,visit,2026-08-01
966,visit,2026-08-01
967,visit,2026-08-01
968,visit,2026-08-01
969,visit,2026-08-01
970,visit,2026-08-01
971,visit,2026-08-01
972,visit,2026-08-01
973,visit,2026-08-01
974,visit,2026-08-01
975,visit,2026-08-01
976,visit,2026-08-01
977,visit,2026-08-01
978,visit,2026-08-01
979,visit,2026-08-01
980,visit,2026-08-01
981,visit,2026-08-01
982,visit,2026-08-01
983,visit,2026-08-01
984,visit,2026-08-01
985,visit,2026-08-01
986,visit,2026-08-01
987,visit,2026-08-01
988,visit,2026-08-01
989,visit,2026-08-01
990,visit,2026-08-01
991,visit,2026-08-01
992,visit,2026-08-01
993,visit,2026-08-01
994,visit,2026-08-01
995,visit,2026-08-01
996,visit,2026-08-01
997,visit,2026-08-01
998,visit,2026-08-01
999,visit,2026-08-01
1000,visit,2026-08-01
1,product_view,2026-08-01
2,product_view,2026-08-01
3,product_view,2026-08-01
4,product_view,2026-08-01
5,product_view,2026-08-01
6,product_view,2026-08-01
7,product_view,2026-08-01
8,product_view,2026-08-01
9,product_view,2026-08-01
10,product_view,2026-08-01
11,product_view,2026-08-01
12,product_view,2026-08-01
13,product_view,2026-08-01
14,product_view,2026-08-01
15,product_view,2026-08-01
16,product_view,2026-08-01
17,product_view,2026-08-01
18,product_view,2026-08-01
19,product_view,2026-08-01
20,product_view,2026-08-01
21,product_view,2026-08-01
22,product_view,2026-08-01
23,product_view,2026-08-01
24,product_view,2026-08-01
25,product_view,2026-08-01
26,product_view,2026-08-01
27,product_view,2026-08-01
28,product_view,2026-08-01
29,product_view,2026-08-01
30,product_view,2026-08-01
31,product_view,2026-08-01
32,product_view,2026-08-01
33,product_view,2026-08-01
34,product_view,2026-08-01
35,product_view,2026-08-01
36,product_view,2026-08-01
37,product_view,2026-08-01
38,product_view,2026-08-01
39,product_view,2026-08-01
40,product_view,2026-08-01
41,product_view,2026-08-01
42,product_view,2026-08-01
43,product_view,2026-08-01
44,product_view,2026-08-01
45,product_view,2026-08-01
46,product_view,2026-08-01
47,product_view,2026-08-01
48,product_view,2026-08-01
49,product_view,2026-08-01
50,product_view,2026-08-01
51,product_view,2026-08-01
52,product_view,2026-08-01
53,product_view,2026-08-01
54,product_view,2026-08-01
55,product_view,2026-08-01
56,product_view,2026-08-01
57,product_view,2026-08-01
58,product_view,2026-08-01
59,product_view,2026-08-01
60,product_view,2026-08-01
61,product_view,2026-08-01
62,product_view,2026-08-01
63,product_view,2026-08-01
64,product_view,2026-08-01
65,product_view,2026-08-01
66,product_view,2026-08-01
67,product_view,2026-08-01
68,product_view,2026-08-01
69,product_view,2026-08-01
70,product_view,2026-08-01
71,product_view,2026-08-01
72,product_view,2026-08-01
73,product_view,2026-08-01
74,product_view,2026-08-01
75,product_view,2026-08-01
76,product_view,2026-08-01
77,product_view,2026-08-01
78,product_view,2026-08-01
79,product_view,2026-08-01
80,product_view,2026-08-01
81,product_view,2026-08-01
82,product_view,2026-08-01
83,product_view,2026-08-01
84,product_view,2026-08-01
85,product_view,2026-08-01
86,product_view,2026-08-01
87,product_view,2026-08-01
88,product_view,2026-08-01
89,product_view,2026-08-01
90,product_view,2026-08-01
91,product_view,2026-08-01
92,product_view,2026-08-01
93,product_view,2026-08-01
94,product_view,2026-08-01
95,product_view,2026-08-01
96,product_view,2026-08-01
97,product_view,2026-08-01
98,product_view,2026-08-01
99,product_view,2026-08-01
100,product_view,2026-08-01
101,product_view,2026-08-01
102,product_view,2026-08-01
103,product_view,2026-08-01
104,product_view,2026-08-01
105,product_view,2026-08-01
106,product_view,2026-08-01
107,product_view,2026-08-01
108,product_view,2026-08-01
109,product_view,2026-08-01
110,product_view,2026-08-01
111,product_view,2026-08-01
112,product_view,2026-08-01
113,product_view,2026-08-01
114,product_view,2026-08-01
115,product_view,2026-08-01
116,product_view,2026-08-01
117,product_view,2026-08-01
118,product_view,2026-08-01
119,product_view,2026-08-01
120,product_view,2026-08-01
121,product_view,2026-08-01
122,product_view,2026-08-01
123,product_view,2026-08-01
124,product_view,2026-08-01
125,product_view,2026-08-01
126,product_view,2026-08-01
127,product_view,2026-08-01
128,product_view,2026-08-01
129,product_view,2026-08-01
130,product_view,2026-08-01
131,product_view,2026-08-01
132,product_view,2026-08-01
133,product_view,2026-08-01
134,product_view,2026-08-01
135,product_view,2026-08-01
136,product_view,2026-08-01
137,product_view,2026-08-01
138,product_view,2026-08-01
139,product_view,2026-08-01
140,product_view,2026-08-01
141,product_view,2026-08-01
142,product_view,2026-08-01
143,product_view,2026-08-01
144,product_view,2026-08-01
145,product_view,2026-08-01
146,product_view,2026-08-01
147,product_view,2026-08-01
148,product_view,2026-08-01
149,product_view,2026-08-01
150,product_view,2026-08-01
151,product_view,2026-08-01
152,product_view,2026-08-01
153,product_view,2026-08-01
154,product_view,2026-08-01
155,product_view,2026-08-01
156,product_view,2026-08-01
157,product_view,2026-08-01
158,product_view,2026-08-01
159,product_view,2026-08-01
160,product_view,2026-08-01
161,product_view,2026-08-01
162,product_view,2026-08-01
163,product_view,2026-08-01
164,product_view,2026-08-01
165,product_view,2026-08-01
166,product_view,2026-08-01
167,product_view,2026-08-01
168,product_view,2026-08-01
169,product_view,2026-08-01
170,product_view,2026-08-01
171,product_view,2026-08-01
172,product_view,2026-08-01
173,product_view,2026-08-01
174,product_view,2026-08-01
175,product_view,2026-08-01
176,product_view,2026-08-01
177,product_view,2026-08-01
178,product_view,2026-08-01
179,product_view,2026-08-01
180,product_view,2026-08-01
181,product_view,2026-08-01
182,product_view,2026-08-01
183,product_view,2026-08-01
184,product_view,2026-08-01
185,product_view,2026-08-01
186,product_view,2026-08-01
187,product_view,2026-08-01
188,product_view,2026-08-01
189,product_view,2026-08-01
190,product_view,2026-08-01
191,product_view,2026-08-01
192,product_view,2026-08-01
193,product_view,2026-08-01
194,product_view,2026-08-01
195,product_view,2026-08-01
196,product_view,2026-08-01
197,product_view,2026-08-01
198,product_view,2026-08-01
199,product_view,2026-08-01
200,product_view,2026-08-01
201,product_view,2026-08-01
202,product_view,2026-08-01
203,product_view,2026-08-01
204,product_view,2026-08-01
205,product_view,2026-08-01
206,product_view,2026-08-01
207,product_view,2026-08-01
208,product_view,2026-08-01
209,product_view,2026-08-01
210,product_view,2026-08-01
211,product_view,2026-08-01
212,product_view,2026-08-01
213,product_view,2026-08-01
214,product_view,2026-08-01
215,product_view,2026-08-01
216,product_view,2026-08-01
217,product_view,2026-08-01
218,product_view,2026-08-01
219,product_view,2026-08-01
220,product_view,2026-08-01
221,product_view,2026-08-01
222,product_view,2026-08-01
223,product_view,2026-08-01
224,product_view,2026-08-01
225,product_view,2026-08-01
226,product_view,2026-08-01
227,product_view,2026-08-01
228,product_view,2026-08-01
229,product_view,2026-08-01
230,product_view,2026-08-01
231,product_view,2026-08-01
232,product_view,2026-08-01
233,product_view,2026-08-01
234,product_view,2026-08-01
235,product_view,2026-08-01
236,product_view,2026-08-01
237,product_view,2026-08-01
238,product_view,2026-08-01
239,product_view,2026-08-01
240,product_view,2026-08-01
241,product_view,2026-08-01
242,product_view,2026-08-01
243,product_view,2026-08-01
244,product_view,2026-08-01
245,product_view,2026-08-01
246,product_view,2026-08-01
247,product_view,2026-08-01
248,product_view,2026-08-01
249,product_view,2026-08-01
250,product_view,2026-08-01
251,product_view,2026-08-01
252,product_view,2026-08-01
253,product_view,2026-08-01
254,product_view,2026-08-01
255,product_view,2026-08-01
256,product_view,2026-08-01
257,product_view,2026-08-01
258,product_view,2026-08-01
259,product_view,2026-08-01
260,product_view,2026-08-01
261,product_view,2026-08-01
262,product_view,2026-08-01
263,product_view,2026-08-01
264,product_view,2026-08-01
265,product_view,2026-08-01
266,product_view,2026-08-01
267,product_view,2026-08-01
268,product_view,2026-08-01
269,product_view,2026-08-01
270,product_view,2026-08-01
271,product_view,2026-08-01
272,product_view,2026-08-01
273,product_view,2026-08-01
274,product_view,2026-08-01
275,product_view,2026-08-01
276,product_view,2026-08-01
277,product_view,2026-08-01
278,product_view,2026-08-01
279,product_view,2026-08-01
280,product_view,2026-08-01
281,product_view,2026-08-01
282,product_view,2026-08-01
283,product_view,2026-08-01
284,product_view,2026-08-01
285,product_view,2026-08-01
286,product_view,2026-08-01
287,product_view,2026-08-01
288,product_view,2026-08-01
289,product_view,2026-08-01
290,product_view,2026-08-01
291,product_view,2026-08-01
292,product_view,2026-08-01
293,product_view,2026-08-01
294,product_view,2026-08-01
295,product_view,2026-08-01
296,product_view,2026-08-01
297,product_view,2026-08-01
298,product_view,2026-08-01
299,product_view,2026-08-01
300,product_view,2026-08-01
301,product_view,2026-08-01
302,product_view,2026-08-01
303,product_view,2026-08-01
304,product_view,2026-08-01
305,product_view,2026-08-01
306,product_view,2026-08-01
307,product_view,2026-08-01
308,product_view,2026-08-01
309,product_view,2026-08-01
310,product_view,2026-08-01
311,product_view,2026-08-01
312,product_view,2026-08-01
313,product_view,2026-08-01
314,product_view,2026-08-01
315,product_view,2026-08-01
316,product_view,2026-08-01
317,product_view,2026-08-01
318,product_view,2026-08-01
319,product_view,2026-08-01
320,product_view,2026-08-01
321,product_view,2026-08-01
322,product_view,2026-08-01
323,product_view,2026-08-01
324,product_view,2026-08-01
325,product_view,2026-08-01
326,product_view,2026-08-01
327,product_view,2026-08-01
328,product_view,2026-08-01
329,product_view,2026-08-01
330,product_view,2026-08-01
331,product_view,2026-08-01
332,product_view,2026-08-01
333,product_view,2026-08-01
334,product_view,2026-08-01
335,product_view,2026-08-01
336,product_view,2026-08-01
337,product_view,2026-08-01
338,product_view,2026-08-01
339,product_view,2026-08-01
340,product_view,2026-08-01
341,product_view,2026-08-01
342,product_view,2026-08-01
343,product_view,2026-08-01
344,product_view,2026-08-01
345,product_view,2026-08-01
346,product_view,2026-08-01
347,product_view,2026-08-01
348,product_view,2026-08-01
349,product_view,2026-08-01
350,product_view,2026-08-01
351,product_view,2026-08-01
352,product_view,2026-08-01
353,product_view,2026-08-01
354,product_view,2026-08-01
355,product_view,2026-08-01
356,product_view,2026-08-01
357,product_view,2026-08-01
358,product_view,2026-08-01
359,product_view,2026-08-01
360,product_view,2026-08-01
361,product_view,2026-08-01
362,product_view,2026-08-01
363,product_view,2026-08-01
364,product_view,2026-08-01
365,product_view,2026-08-01
366,product_view,2026-08-01
367,product_view,2026-08-01
368,product_view,2026-08-01
369,product_view,2026-08-01
370,product_view,2026-08-01
371,product_view,2026-08-01
372,product_view,2026-08-01
373,product_view,2026-08-01
374,product_view,2026-08-01
375,product_view,2026-08-01
376,product_view,2026-08-01
377,product_view,2026-08-01
378,product_view,2026-08-01
379,product_view,2026-08-01
380,product_view,2026-08-01
381,product_view,2026-08-01
382,product_view,2026-08-01
383,product_view,2026-08-01
384,product_view,2026-08-01
385,product_view,2026-08-01
386,product_view,2026-08-01
387,product_view,2026-08-01
388,product_view,2026-08-01
389,product_view,2026-08-01
390,product_view,2026-08-01
391,product_view,2026-08-01
392,product_view,2026-08-01
393,product_view,2026-08-01
394,product_view,2026-08-01
395,product_view,2026-08-01
396,product_view,2026-08-01
397,product_view,2026-08-01
398,product_view,2026-08-01
399,product_view,2026-08-01
400,product_view,2026-08-01
401,product_view,2026-08-01
402,product_view,2026-08-01
403,product_view,2026-08-01
404,product_view,2026-08-01
405,product_view,2026-08-01
406,product_view,2026-08-01
407,product_view,2026-08-01
408,product_view,2026-08-01
409,product_view,2026-08-01
410,product_view,2026-08-01
411,product_view,2026-08-01
412,product_view,2026-08-01
413,product_view,2026-08-01
414,product_view,2026-08-01
415,product_view,2026-08-01
416,product_view,2026-08-01
417,product_view,2026-08-01
418,product_view,2026-08-01
419,product_view,2026-08-01
420,product_view,2026-08-01
421,product_view,2026-08-01
422,product_view,2026-08-01
423,product_view,2026-08-01
424,product_view,2026-08-01
425,product_view,2026-08-01
426,product_view,2026-08-01
427,product_view,2026-08-01
428,product_view,2026-08-01
429,product_view,2026-08-01
430,product_view,2026-08-01
431,product_view,2026-08-01
432,product_view,2026-08-01
433,product_view,2026-08-01
434,product_view,2026-08-01
435,product_view,2026-08-01
436,product_view,2026-08-01
437,product_view,2026-08-01
438,product_view,2026-08-01
439,product_view,2026-08-01
440,product_view,2026-08-01
441,product_view,2026-08-01
442,product_view,2026-08-01
443,product_view,2026-08-01
444,product_view,2026-08-01
445,product_view,2026-08-01
446,product_view,2026-08-01
447,product_view,2026-08-01
448,product_view,2026-08-01
449,product_view,2026-08-01
450,product_view,2026-08-01
451,product_view,2026-08-01
452,product_view,2026-08-01
453,product_view,2026-08-01
454,product_view,2026-08-01
455,product_view,2026-08-01
456,product_view,2026-08-01
457,product_view,2026-08-01
458,product_view,2026-08-01
459,product_view,2026-08-01
460,product_view,2026-08-01
461,product_view,2026-08-01
462,product_view,2026-08-01
463,product_view,2026-08-01
464,product_view,2026-08-01
465,product_view,2026-08-01
466,product_view,2026-08-01
467,product_view,2026-08-01
468,product_view,2026-08-01
469,product_view,2026-08-01
470,product_view,2026-08-01
471,product_view,2026-08-01
472,product_view,2026-08-01
473,product_view,2026-08-01
474,product_view,2026-08-01
475,product_view,2026-08-01
476,product_view,2026-08-01
477,product_view,2026-08-01
478,product_view,2026-08-01
479,product_view,2026-08-01
480,product_view,2026-08-01
481,product_view,2026-08-01
482,product_view,2026-08-01
483,product_view,2026-08-01
484,product_view,2026-08-01
485,product_view,2026-08-01
486,product_view,2026-08-01
487,product_view,2026-08-01
488,product_view,2026-08-01
489,product_view,2026-08-01
490,product_view,2026-08-01
491,product_view,2026-08-01
492,product_view,2026-08-01
493,product_view,2026-08-01
494,product_view,2026-08-01
495,product_view,2026-08-01
496,product_view,2026-08-01
497,product_view,2026-08-01
498,product_view,2026-08-01
499,product_view,2026-08-01
500,product_view,2026-08-01
1,add_to_cart,2026-08-01
2,add_to_cart,2026-08-01
3,add_to_cart,2026-08-01
4,add_to_cart,2026-08-01
5,add_to_cart,2026-08-01
6,add_to_cart,2026-08-01
7,add_to_cart,2026-08-01
8,add_to_cart,2026-08-01
9,add_to_cart,2026-08-01
10,add_to_cart,2026-08-01
11,add_to_cart,2026-08-01
12,add_to_cart,2026-08-01
13,add_to_cart,2026-08-01
14,add_to_cart,2026-08-01
15,add_to_cart,2026-08-01
16,add_to_cart,2026-08-01
17,add_to_cart,2026-08-01
18,add_to_cart,2026-08-01
19,add_to_cart,2026-08-01
20,add_to_cart,2026-08-01
21,add_to_cart,2026-08-01
22,add_to_cart,2026-08-01
23,add_to_cart,2026-08-01
24,add_to_cart,2026-08-01
25,add_to_cart,2026-08-01
26,add_to_cart,2026-08-01
27,add_to_cart,2026-08-01
28,add_to_cart,2026-08-01
29,add_to_cart,2026-08-01
30,add_to_cart,2026-08-01
31,add_to_cart,2026-08-01
32,add_to_cart,2026-08-01
33,add_to_cart,2026-08-01
34,add_to_cart,2026-08-01
35,add_to_cart,2026-08-01
36,add_to_cart,2026-08-01
37,add_to_cart,2026-08-01
38,add_to_cart,2026-08-01
39,add_to_cart,2026-08-01
40,add_to_cart,2026-08-01
41,add_to_cart,2026-08-01
42,add_to_cart,2026-08-01
43,add_to_cart,2026-08-01
44,add_to_cart,2026-08-01
45,add_to_cart,2026-08-01
46,add_to_cart,2026-08-01
47,add_to_cart,2026-08-01
48,add_to_cart,2026-08-01
49,add_to_cart,2026-08-01
50,add_to_cart,2026-08-01
51,add_to_cart,2026-08-01
52,add_to_cart,2026-08-01
53,add_to_cart,2026-08-01
54,add_to_cart,2026-08-01
55,add_to_cart,2026-08-01
56,add_to_cart,2026-08-01
57,add_to_cart,2026-08-01
58,add_to_cart,2026-08-01
59,add_to_cart,2026-08-01
60,add_to_cart,2026-08-01
61,add_to_cart,2026-08-01
62,add_to_cart,2026-08-01
63,add_to_cart,2026-08-01
64,add_to_cart,2026-08-01
65,add_to_cart,2026-08-01
66,add_to_cart,2026-08-01
67,add_to_cart,2026-08-01
68,add_to_cart,2026-08-01
69,add_to_cart,2026-08-01
70,add_to_cart,2026-08-01
71,add_to_cart,2026-08-01
72,add_to_cart,2026-08-01
73,add_to_cart,2026-08-01
74,add_to_cart,2026-08-01
75,add_to_cart,2026-08-01
76,add_to_cart,2026-08-01
77,add_to_cart,2026-08-01
78,add_to_cart,2026-08-01
79,add_to_cart,2026-08-01
80,add_to_cart,2026-08-01
81,add_to_cart,2026-08-01
82,add_to_cart,2026-08-01
83,add_to_cart,2026-08-01
84,add_to_cart,2026-08-01
85,add_to_cart,2026-08-01
86,add_to_cart,2026-08-01
87,add_to_cart,2026-08-01
88,add_to_cart,2026-08-01
89,add_to_cart,2026-08-01
90,add_to_cart,2026-08-01
91,add_to_cart,2026-08-01
92,add_to_cart,2026-08-01
93,add_to_cart,2026-08-01
94,add_to_cart,2026-08-01
95,add_to_cart,2026-08-01
96,add_to_cart,2026-08-01
97,add_to_cart,2026-08-01
98,add_to_cart,2026-08-01
99,add_to_cart,2026-08-01
100,add_to_cart,2026-08-01
101,add_to_cart,2026-08-01
102,add_to_cart,2026-08-01
103,add_to_cart,2026-08-01
104,add_to_cart,2026-08-01
105,add_to_cart,2026-08-01
106,add_to_cart,2026-08-01
107,add_to_cart,2026-08-01
108,add_to_cart,2026-08-01
109,add_to_cart,2026-08-01
110,add_to_cart,2026-08-01
111,add_to_cart,2026-08-01
112,add_to_cart,2026-08-01
113,add_to_cart,2026-08-01
114,add_to_cart,2026-08-01
115,add_to_cart,2026-08-01
116,add_to_cart,2026-08-01
117,add_to_cart,2026-08-01
118,add_to_cart,2026-08-01
119,add_to_cart,2026-08-01
120,add_to_cart,2026-08-01
121,add_to_cart,2026-08-01
122,add_to_cart,2026-08-01
123,add_to_cart,2026-08-01
124,add_to_cart,2026-08-01
125,add_to_cart,2026-08-01
126,add_to_cart,2026-08-01
127,add_to_cart,2026-08-01
128,add_to_cart,2026-08-01
129,add_to_cart,2026-08-01
130,add_to_cart,2026-08-01
131,add_to_cart,2026-08-01
132,add_to_cart,2026-08-01
133,add_to_cart,2026-08-01
134,add_to_cart,2026-08-01
135,add_to_cart,2026-08-01
136,add_to_cart,2026-08-01
137,add_to_cart,2026-08-01
138,add_to_cart,2026-08-01
139,add_to_cart,2026-08-01
140,add_to_cart,2026-08-01
141,add_to_cart,2026-08-01
142,add_to_cart,2026-08-01
143,add_to_cart,2026-08-01
144,add_to_cart,2026-08-01
145,add_to_cart,2026-08-01
146,add_to_cart,2026-08-01
147,add_to_cart,2026-08-01
148,add_to_cart,2026-08-01
149,add_to_cart,2026-08-01
150,add_to_cart,2026-08-01
151,add_to_cart,2026-08-01
152,add_to_cart,2026-08-01
153,add_to_cart,2026-08-01
154,add_to_cart,2026-08-01
155,add_to_cart,2026-08-01
156,add_to_cart,2026-08-01
157,add_to_cart,2026-08-01
158,add_to_cart,2026-08-01
159,add_to_cart,2026-08-01
160,add_to_cart,2026-08-01
161,add_to_cart,2026-08-01
162,add_to_cart,2026-08-01
163,add_to_cart,2026-08-01
164,add_to_cart,2026-08-01
165,add_to_cart,2026-08-01
166,add_to_cart,2026-08-01
167,add_to_cart,2026-08-01
168,add_to_cart,2026-08-01
169,add_to_cart,2026-08-01
170,add_to_cart,2026-08-01
171,add_to_cart,2026-08-01
172,add_to_cart,2026-08-01
173,add_to_cart,2026-08-01
174,add_to_cart,2026-08-01
175,add_to_cart,2026-08-01
176,add_to_cart,2026-08-01
177,add_to_cart,2026-08-01
178,add_to_cart,2026-08-01
179,add_to_cart,2026-08-01
180,add_to_cart,2026-08-01
181,add_to_cart,2026-08-01
182,add_to_cart,2026-08-01
183,add_to_cart,2026-08-01
184,add_to_cart,2026-08-01
185,add_to_cart,2026-08-01
186,add_to_cart,2026-08-01
187,add_to_cart,2026-08-01
188,add_to_cart,2026-08-01
189,add_to_cart,2026-08-01
190,add_to_cart,2026-08-01
191,add_to_cart,2026-08-01
192,add_to_cart,2026-08-01
193,add_to_cart,2026-08-01
194,add_to_cart,2026-08-01
195,add_to_cart,2026-08-01
196,add_to_cart,2026-08-01
197,add_to_cart,2026-08-01
198,add_to_cart,2026-08-01
199,add_to_cart,2026-08-01
200,add_to_cart,2026-08-01
201,add_to_cart,2026-08-01
202,add_to_cart,2026-08-01
203,add_to_cart,2026-08-01
204,add_to_cart,2026-08-01
205,add_to_cart,2026-08-01
206,add_to_cart,2026-08-01
207,add_to_cart,2026-08-01
208,add_to_cart,2026-08-01
209,add_to_cart,2026-08-01
210,add_to_cart,2026-08-01
211,add_to_cart,2026-08-01
212,add_to_cart,2026-08-01
213,add_to_cart,2026-08-01
214,add_to_cart,2026-08-01
215,add_to_cart,2026-08-01
216,add_to_cart,2026-08-01
217,add_to_cart,2026-08-01
218,add_to_cart,2026-08-01
219,add_to_cart,2026-08-01
220,add_to_cart,2026-08-01
221,add_to_cart,2026-08-01
222,add_to_cart,2026-08-01
223,add_to_cart,2026-08-01
224,add_to_cart,2026-08-01
225,add_to_cart,2026-08-01
226,add_to_cart,2026-08-01
227,add_to_cart,2026-08-01
228,add_to_cart,2026-08-01
229,add_to_cart,2026-08-01
230,add_to_cart,2026-08-01
231,add_to_cart,2026-08-01
232,add_to_cart,2026-08-01
233,add_to_cart,2026-08-01
234,add_to_cart,2026-08-01
235,add_to_cart,2026-08-01
236,add_to_cart,2026-08-01
237,add_to_cart,2026-08-01
238,add_to_cart,2026-08-01
239,add_to_cart,2026-08-01
240,add_to_cart,2026-08-01
241,add_to_cart,2026-08-01
242,add_to_cart,2026-08-01
243,add_to_cart,2026-08-01
244,add_to_cart,2026-08-01
245,add_to_cart,2026-08-01
246,add_to_cart,2026-08-01
247,add_to_cart,2026-08-01
248,add_to_cart,2026-08-01
249,add_to_cart,2026-08-01
250,add_to_cart,2026-08-01
1,purchase,2026-08-01
2,purchase,2026-08-01
3,purchase,2026-08-01
4,purchase,2026-08-01
5,purchase,2026-08-01
6,purchase,2026-08-01
7,purchase,2026-08-01
8,purchase,2026-08-01
9,purchase,2026-08-01
10,purchase,2026-08-01
11,purchase,2026-08-01
12,purchase,2026-08-01
13,purchase,2026-08-01
14,purchase,2026-08-01
15,purchase,2026-08-01
16,purchase,2026-08-01
17,purchase,2026-08-01
18,purchase,2026-08-01
19,purchase,2026-08-01
20,purchase,2026-08-01
21,purchase,2026-08-01
22,purchase,2026-08-01
23,purchase,2026-08-01
24,purchase,2026-08-01
25,purchase,2026-08-01
26,purchase,2026-08-01
27,purchase,2026-08-01
28,purchase,2026-08-01
29,purchase,2026-08-01
30,purchase,2026-08-01
31,purchase,2026-08-01
32,purchase,2026-08-01
33,purchase,2026-08-01
34,purchase,2026-08-01
35,purchase,2026-08-01
36,purchase,2026-08-01
37,purchase,2026-08-01
38,purchase,2026-08-01
39,purchase,2026-08-01
40,purchase,2026-08-01
41,purchase,2026-08-01
42,purchase,2026-08-01
43,purchase,2026-08-01
44,purchase,2026-08-01
45,purchase,2026-08-01
46,purchase,2026-08-01
47,purchase,2026-08-01
48,purchase,2026-08-01
49,purchase,2026-08-01
50,purchase,2026-08-01
51,purchase,2026-08-01
52,purchase,2026-08-01
53,purchase,2026-08-01
54,purchase,2026-08-01
55,purchase,2026-08-01
56,purchase,2026-08-01
57,purchase,2026-08-01
58,purchase,2026-08-01
59,purchase,2026-08-01
60,purchase,2026-08-01
61,purchase,2026-08-01
62,purchase,2026-08-01
63,purchase,2026-08-01
64,purchase,2026-08-01
65,purchase,2026-08-01
66,purchase,2026-08-01
67,purchase,2026-08-01
68,purchase,2026-08-01
69,purchase,2026-08-01
70,purchase,2026-08-01
71,purchase,2026-08-01
72,purchase,2026-08-01
73,purchase,2026-08-01
74,purchase,2026-08-01
75,purchase,2026-08-01
76,purchase,2026-08-01
77,purchase,2026-08-01
78,purchase,2026-08-01
79,purchase,2026-08-01
80,purchase,2026-08-01
81,purchase,2026-08-01
82,purchase,2026-08-01
83,purchase,2026-08-01
84,purchase,2026-08-01
85,purchase,2026-08-01
86,purchase,2026-08-01
87,purchase,2026-08-01
88,purchase,2026-08-01
89,purchase,2026-08-01
90,purchase,2026-08-01
91,purchase,2026-08-01
92,purchase,2026-08-01
93,purchase,2026-08-01
94,purchase,2026-08-01
95,purchase,2026-08-01
96,purchase,2026-08-01
97,purchase,2026-08-01
98,purchase,2026-08-01
99,purchase,2026-08-01
100,purchase,2026-08-01
101,purchase,2026-08-01
102,purchase,2026-08-01
103,purchase,2026-08-01
104,purchase,2026-08-01
105,purchase,2026-08-01
106,purchase,2026-08-01
107,purchase,2026-08-01
108,purchase,2026-08-01
109,purchase,2026-08-01
110,purchase,2026-08-01
111,purchase,2026-08-01
112,purchase,2026-08-01
113,purchase,2026-08-01
114,purchase,2026-08-01
115,purchase,2026-08-01
116,purchase,2026-08-01
117,purchase,2026-08-01
118,purchase,2026-08-01
119,purchase,2026-08-01
120,purchase,2026-08-01
121,purchase,2026-08-01
122,purchase,2026-08-01
123,purchase,2026-08-01
124,purchase,2026-08-01
125,purchase,2026-08-01
